Christmas,null
Valentine's Day,null
4th of July,null
Hanukkah,null
St. Patrick's Day,null
Graduation,null
Bachelorette Party,null
Bachelor Party,null
Birthday Party,null
Anniversary Party,null
Congratulations,null
Divorce,null
Retirement,null
Job Promotion,null
Bon Voyage,null
Baby Shower,null
Bridal Shower,null
Benefit,null
Fund Raiser,null
Costume Party, null
Housewarming Party,null
Cocktail Party,null
Tea Party,null
Wedding Reception,null
Family Re-Union,null
High School Re-Union,null
College Re-Union,null
Potluck Dinner,null
Fondue Dinner,null
Wine Tasting,null
Oyster Roast,null
Brunch,null
Barbecue,null
Halloween Party,null
New Year's Eve,null
Mardi Gras,null
New Year's Eve,null
Super Bowl Party,null
Custom,null